Czas,Graczy
2025-08-11 11:32:59,184
2025-08-11 11:33:04,184
2025-08-11 11:33:10,184
2025-08-11 11:33:15,184
2025-08-11 11:33:20,186
2025-08-11 11:33:26,186
2025-08-11 11:33:31,185
2025-08-11 11:33:36,186
2025-08-11 11:33:42,187
2025-08-11 11:33:47,188
2025-08-11 11:33:52,188
2025-08-11 11:33:58,187
2025-08-11 11:34:03,187
2025-08-11 11:34:08,187
2025-08-11 11:34:14,187
2025-08-11 11:34:19,187
2025-08-11 11:34:25,187
2025-08-11 11:34:30,187
2025-08-11 11:34:36,188
2025-08-11 11:34:41,188
2025-08-11 11:34:46,188
2025-08-11 11:34:52,187
2025-08-11 11:34:57,187
2025-08-11 11:35:02,187
2025-08-11 11:35:08,188
2025-08-11 11:35:13,190
2025-08-11 11:35:18,190
2025-08-11 11:35:24,189
2025-08-11 11:35:29,190
2025-08-11 11:35:35,190
2025-08-11 11:35:40,190
2025-08-11 11:35:46,191
2025-08-11 11:35:51,192
2025-08-11 11:35:56,192
2025-08-11 11:36:01,192
2025-08-11 11:36:07,194
2025-08-11 11:36:12,194
2025-08-11 11:36:17,194
2025-08-11 11:36:23,194
2025-08-11 11:36:28,194
2025-08-11 11:36:33,194
2025-08-11 11:36:39,194
2025-08-11 11:36:44,194
2025-08-11 11:36:50,193
2025-08-11 11:36:55,193
2025-08-11 11:37:01,193
2025-08-11 11:37:06,193
2025-08-11 11:37:11,192
2025-08-11 11:37:17,192
2025-08-11 11:37:22,192
2025-08-11 11:37:27,192
2025-08-11 11:37:32,192
2025-08-11 11:37:38,193
2025-08-11 11:37:43,193
2025-08-11 11:37:49,193
2025-08-11 11:37:54,193
2025-08-11 11:38:00,192
2025-08-11 11:38:05,192
2025-08-11 11:38:11,191
2025-08-11 11:38:16,191
2025-08-11 11:38:21,0
2025-08-11 11:38:27,0
2025-08-11 11:38:32,0
2025-08-11 11:38:38,0
2025-08-11 11:38:43,0
2025-08-11 11:38:48,0
2025-08-11 11:38:54,0
2025-08-11 11:38:59,0
2025-08-11 11:39:05,0
2025-08-11 11:39:10,0
2025-08-11 11:39:16,0
2025-08-11 11:39:21,0
2025-08-11 11:39:26,0
2025-08-11 11:39:32,0
2025-08-11 11:39:37,0
2025-08-11 11:39:42,0
2025-08-11 11:39:48,0
2025-08-11 11:39:53,0
2025-08-11 11:39:58,0
2025-08-11 11:40:03,0
2025-08-11 11:40:09,0
2025-08-11 11:40:15,0
2025-08-11 11:40:20,0
2025-08-11 11:40:26,0
2025-08-11 11:40:31,12
2025-08-11 11:40:36,19
2025-08-11 11:40:42,23
2025-08-11 11:40:47,26
2025-08-11 11:40:53,29
2025-08-11 11:40:58,32
2025-08-11 11:41:03,30
2025-08-11 11:41:09,33
2025-08-11 11:41:14,40
2025-08-11 11:41:20,47
2025-08-11 11:41:25,54
2025-08-11 11:41:31,57
2025-08-11 11:41:36,60
2025-08-11 11:41:41,65
2025-08-11 11:41:47,69
2025-08-11 11:41:52,73
2025-08-11 11:41:57,79
2025-08-11 11:42:03,81
2025-08-11 11:42:08,81
2025-08-11 11:42:14,82
2025-08-11 11:42:19,81
2025-08-11 11:42:24,84
2025-08-11 11:42:30,85
2025-08-11 11:42:35,88
2025-08-11 11:42:41,90
2025-08-11 11:42:46,93
2025-08-11 11:42:51,93
2025-08-11 11:42:57,97
2025-08-11 11:43:02,100
2025-08-11 11:43:07,101
2025-08-11 11:43:13,104
2025-08-11 11:43:18,105
2025-08-11 11:43:23,107
2025-08-11 11:43:28,107
2025-08-11 11:43:34,112
2025-08-11 11:43:39,113
2025-08-11 11:43:45,113
2025-08-11 11:43:50,115
2025-08-11 11:43:56,116
2025-08-11 11:44:01,118
2025-08-11 11:44:07,119
2025-08-11 11:44:12,121
2025-08-11 11:44:17,121
2025-08-11 11:44:23,123
2025-08-11 11:44:28,122
2025-08-11 11:44:33,121
2025-08-11 11:44:38,122
2025-08-11 11:44:44,124
2025-08-11 11:44:49,126
2025-08-11 11:44:54,127
2025-08-11 11:45:00,128
2025-08-11 11:45:05,128
2025-08-11 11:45:10,128
2025-08-11 11:45:16,130
2025-08-11 11:45:21,130
2025-08-11 11:45:26,131
2025-08-11 11:45:31,133
2025-08-11 11:45:37,134
2025-08-11 11:45:42,136
2025-08-11 11:45:47,137
2025-08-11 11:45:52,137
2025-08-11 11:45:58,137
2025-08-11 11:46:03,136
2025-08-11 11:46:08,137
2025-08-11 11:46:14,139
2025-08-11 11:46:19,140
2025-08-11 11:46:24,140
2025-08-11 11:46:30,141
2025-08-11 11:46:35,141
2025-08-11 11:46:40,141
2025-08-11 11:46:46,142
2025-08-11 11:46:51,141
2025-08-11 11:46:56,141
2025-08-11 11:47:01,141
2025-08-11 11:47:07,142
2025-08-11 11:47:12,143
2025-08-11 11:47:17,142
2025-08-11 11:47:23,143
2025-08-11 11:47:28,143
2025-08-11 11:47:33,144
2025-08-11 11:47:38,144
2025-08-11 11:47:44,144
2025-08-11 11:47:49,144
2025-08-11 11:47:54,144
2025-08-11 11:47:59,145
2025-08-11 11:48:05,145
2025-08-11 11:48:10,145
2025-08-11 11:48:15,146
2025-08-11 11:48:21,146
2025-08-11 11:48:26,148
2025-08-11 11:48:31,147
2025-08-11 11:48:36,147
2025-08-11 11:48:42,147
2025-08-11 11:48:47,147
2025-08-11 11:48:53,147
2025-08-11 11:48:58,148
2025-08-11 11:49:03,148
2025-08-11 11:49:08,149
2025-08-11 11:49:14,150
2025-08-11 11:49:19,150
2025-08-11 11:49:25,148
2025-08-11 11:49:41,150
2025-08-11 11:49:47,151
2025-08-11 11:49:52,151
2025-08-11 11:49:58,151
2025-08-11 11:50:03,153
2025-08-11 11:50:09,153
2025-08-11 11:50:14,153
2025-08-11 11:50:19,153
2025-08-11 11:50:25,153
2025-08-11 11:50:30,154
2025-08-11 11:50:36,153
2025-08-11 11:50:41,153
2025-08-11 11:50:47,153
2025-08-11 11:50:52,153
2025-08-11 11:50:57,152
2025-08-11 11:51:03,152
2025-08-11 11:51:08,152
2025-08-11 11:51:13,152
2025-08-11 11:51:19,152
2025-08-11 11:51:24,152
2025-08-11 11:51:29,153
2025-08-11 11:51:34,154
2025-08-11 11:51:40,155
2025-08-11 11:51:45,155
2025-08-11 11:51:51,155
2025-08-11 11:51:56,154
2025-08-11 11:52:02,154
2025-08-11 11:52:07,153
2025-08-11 11:52:13,152
2025-08-11 11:52:18,154
2025-08-11 11:52:23,152
2025-08-11 11:52:28,153
2025-08-11 11:52:34,152
2025-08-11 11:52:39,153
2025-08-11 11:52:44,154
2025-08-11 11:52:50,153
2025-08-11 11:52:55,154
2025-08-11 11:53:01,154
2025-08-11 11:53:06,154
2025-08-11 11:53:11,154
2025-08-11 11:53:17,154
2025-08-11 11:53:22,157
2025-08-11 11:53:28,157
2025-08-11 11:53:33,157
2025-08-11 11:53:38,157
2025-08-11 11:53:43,157
2025-08-11 11:53:49,158
2025-08-11 11:53:54,158
2025-08-11 11:53:59,160
2025-08-11 11:54:05,160
2025-08-11 11:54:10,160
2025-08-11 11:54:15,160
2025-08-11 11:54:21,161
2025-08-11 11:54:26,161
2025-08-11 11:54:32,161
2025-08-11 11:54:37,161
2025-08-11 11:54:43,161
2025-08-11 11:54:48,161
2025-08-11 11:54:53,161
2025-08-11 11:54:58,162
2025-08-11 11:55:04,162
2025-08-11 11:55:09,162
2025-08-11 11:55:14,162
2025-08-11 11:55:20,162
2025-08-11 11:55:25,163
2025-08-11 11:55:31,163
2025-08-11 11:55:36,164
2025-08-11 11:55:42,163
2025-08-11 11:55:47,162
2025-08-11 11:55:52,162
2025-08-11 11:55:58,162
2025-08-11 11:56:03,162
2025-08-11 11:56:08,164
2025-08-11 11:56:14,164
2025-08-11 11:56:19,164
2025-08-11 11:56:24,164
2025-08-11 11:56:29,164
2025-08-11 11:56:35,165
2025-08-11 11:56:40,165
2025-08-11 11:56:46,165
2025-08-11 11:56:51,166
2025-08-11 11:56:56,165
2025-08-11 11:57:02,166
2025-08-11 11:57:07,167
2025-08-11 11:57:13,167
2025-08-11 11:57:18,167
2025-08-11 11:57:23,168
2025-08-11 11:57:29,168
2025-08-11 11:57:34,168
2025-08-11 11:57:39,168
2025-08-11 11:57:45,167
2025-08-11 11:57:50,166
2025-08-11 11:57:55,167
2025-08-11 11:58:01,167
2025-08-11 11:58:06,167
2025-08-11 11:58:12,167
2025-08-11 11:58:17,167
2025-08-11 11:58:22,167
2025-08-11 11:58:28,167
2025-08-11 11:58:33,167
2025-08-11 11:58:38,167
2025-08-11 11:58:44,167
2025-08-11 11:58:49,166
2025-08-11 11:58:54,166
2025-08-11 11:59:00,166
2025-08-11 11:59:05,165
2025-08-11 11:59:10,165
2025-08-11 11:59:16,165
2025-08-11 11:59:21,166
2025-08-11 11:59:27,166
2025-08-11 11:59:32,166
2025-08-11 11:59:38,166
2025-08-11 11:59:43,166
2025-08-11 11:59:48,167
2025-08-11 11:59:53,167
2025-08-11 11:59:59,167
2025-08-11 12:00:04,168
2025-08-11 12:00:09,168
2025-08-11 12:00:15,168
2025-08-11 12:00:20,169
2025-08-11 12:00:26,169
2025-08-11 12:00:31,168
2025-08-11 12:00:37,168
2025-08-11 12:00:42,168
2025-08-11 12:00:47,168
2025-08-11 12:00:53,169
2025-08-11 12:00:58,169
2025-08-11 12:01:03,168
2025-08-11 12:01:09,168
2025-08-11 12:01:14,167
2025-08-11 12:01:19,167
2025-08-11 12:01:24,167
2025-08-11 12:01:30,167
2025-08-11 12:01:35,167
2025-08-11 12:01:40,167
2025-08-11 12:01:46,168
2025-08-11 12:01:51,169
2025-08-11 12:01:57,169
2025-08-11 12:02:02,169
2025-08-11 12:02:08,169
2025-08-11 12:02:13,167
2025-08-11 12:02:18,168
2025-08-11 12:02:24,168
2025-08-11 12:02:29,168
2025-08-11 12:02:34,168
2025-08-11 12:02:39,169
2025-08-11 12:02:45,169
2025-08-11 12:02:50,169
2025-08-11 12:02:56,170
2025-08-11 12:03:01,170
2025-08-11 12:03:07,170
2025-08-11 12:03:12,170
2025-08-11 12:03:17,172
2025-08-11 12:03:23,172
2025-08-11 12:03:28,172
2025-08-11 12:03:33,172
2025-08-11 12:03:39,172
2025-08-11 12:03:44,172
2025-08-11 12:03:49,172
2025-08-11 12:03:54,169
2025-08-11 12:04:00,170
2025-08-11 12:04:05,170
2025-08-11 12:04:10,170
2025-08-11 12:04:16,170
2025-08-11 12:04:22,172
2025-08-11 12:04:27,173
2025-08-11 12:04:32,170
2025-08-11 12:04:38,171
2025-08-11 12:04:43,170
2025-08-11 12:04:48,170
2025-08-11 12:04:54,171
2025-08-11 12:04:59,171
2025-08-11 12:05:04,173
2025-08-11 12:05:09,172
2025-08-11 12:05:15,174
2025-08-11 12:05:20,173
2025-08-11 12:05:26,174
2025-08-11 12:05:31,174
2025-08-11 12:05:37,174
2025-08-11 12:05:42,172
2025-08-11 12:05:47,172
2025-08-11 12:05:53,172
2025-08-11 12:05:58,172
2025-08-11 12:06:03,171
2025-08-11 12:06:09,171
2025-08-11 12:06:14,171
2025-08-11 12:06:19,171
2025-08-11 12:06:24,171
2025-08-11 12:06:30,171
2025-08-11 12:06:35,172
2025-08-11 12:06:41,172
2025-08-11 12:06:46,173
2025-08-11 12:06:52,174
2025-08-11 12:06:57,175
2025-08-11 12:07:02,175
2025-08-11 12:07:08,175
2025-08-11 12:07:13,175
2025-08-11 12:07:18,176
2025-08-11 12:07:24,176
2025-08-11 12:07:29,176
2025-08-11 12:07:34,177
2025-08-11 12:07:39,177
2025-08-11 12:07:45,176
2025-08-11 12:07:50,176
2025-08-11 12:07:56,175
2025-08-11 12:08:01,174
2025-08-11 12:08:07,174
2025-08-11 12:08:12,174
2025-08-11 12:08:17,175
2025-08-11 12:08:23,175
2025-08-11 12:08:28,176
2025-08-11 12:08:33,176
2025-08-11 12:08:39,176
2025-08-11 12:08:44,176
2025-08-11 12:08:49,176
2025-08-11 12:08:55,176
2025-08-11 12:09:00,176
2025-08-11 12:09:05,176
2025-08-11 12:09:11,177
2025-08-11 12:09:16,177
2025-08-11 12:09:22,177
2025-08-11 12:09:27,177
2025-08-11 12:09:33,177
2025-08-11 12:09:38,177
2025-08-11 12:09:43,177
2025-08-11 12:09:49,176
2025-08-11 12:09:54,176
2025-08-11 12:09:59,176
2025-08-11 12:10:04,176
2025-08-11 12:10:10,177
2025-08-11 12:10:15,177
2025-08-11 12:10:21,178
2025-08-11 12:10:26,178
2025-08-11 12:10:32,178
2025-08-11 12:10:37,178
2025-08-11 12:10:42,178
2025-08-11 12:10:48,178
2025-08-11 12:10:53,177
2025-08-11 12:10:58,178
2025-08-11 12:11:04,178
2025-08-11 12:11:09,178
2025-08-11 12:11:14,176
2025-08-11 12:11:19,176
2025-08-11 12:11:25,176
2025-08-11 12:11:30,178
2025-08-11 12:11:36,178
2025-08-11 12:11:41,178
2025-08-11 12:11:47,177
2025-08-11 12:11:52,177
2025-08-11 12:11:57,176
2025-08-11 12:12:03,176
2025-08-11 12:12:08,174
2025-08-11 12:12:13,175
2025-08-11 12:12:19,175
2025-08-11 12:12:24,175
2025-08-11 12:12:29,177
2025-08-11 12:12:35,176
2025-08-11 12:12:40,176
2025-08-11 12:12:45,177
2025-08-11 12:12:51,177
2025-08-11 12:12:56,177
2025-08-11 12:13:02,178
2025-08-11 12:13:07,178
2025-08-11 12:13:12,177
2025-08-11 12:13:18,177
2025-08-11 12:13:23,179
2025-08-11 12:13:28,178
2025-08-11 12:13:34,178
2025-08-11 12:13:39,179
2025-08-11 12:13:44,179
2025-08-11 12:13:49,179
2025-08-11 12:13:55,179
2025-08-11 12:14:00,179
2025-08-11 12:14:06,178
2025-08-11 12:14:11,178
2025-08-11 12:14:17,178
2025-08-11 12:14:22,178
2025-08-11 12:14:27,179
2025-08-11 12:14:44,179
2025-08-11 12:14:49,178
2025-08-11 12:14:54,178
2025-08-11 12:15:00,178
2025-08-11 12:15:05,178
2025-08-11 12:15:11,179
2025-08-11 12:15:16,179
2025-08-11 12:15:22,180
2025-08-11 12:15:27,180
2025-08-11 12:15:32,179
2025-08-11 12:15:38,179
2025-08-11 12:15:43,179
2025-08-11 12:15:48,179
2025-08-11 12:15:54,179
2025-08-11 12:15:59,180
2025-08-11 12:16:04,181
2025-08-11 12:16:10,181
2025-08-11 12:16:15,181
2025-08-11 12:16:20,181
2025-08-11 12:16:26,181
2025-08-11 12:16:31,180
2025-08-11 12:16:37,180
2025-08-11 12:16:42,180
2025-08-11 12:16:47,179
2025-08-11 12:16:52,179
2025-08-11 12:16:58,179
2025-08-11 12:17:03,178
2025-08-11 12:17:08,178
2025-08-11 12:17:14,180
2025-08-11 12:17:19,180
2025-08-11 12:17:24,181
2025-08-11 12:17:30,181
2025-08-11 12:17:35,181
2025-08-11 12:17:40,181
2025-08-11 12:17:45,181
2025-08-11 12:17:51,181
2025-08-11 12:17:56,181
2025-08-11 12:18:01,181
2025-08-11 12:18:06,180
2025-08-11 12:18:12,181
2025-08-11 12:18:17,180
2025-08-11 12:18:22,180
2025-08-11 12:18:28,178
2025-08-11 12:18:33,178
2025-08-11 12:18:38,178
2025-08-11 12:18:43,178
2025-08-11 12:18:49,178
2025-08-11 12:18:54,179
2025-08-11 12:18:59,179
2025-08-11 12:19:05,179
2025-08-11 12:19:10,179
2025-08-11 12:19:15,179
2025-08-11 12:19:20,179
2025-08-11 12:19:26,180
2025-08-11 12:19:31,179
2025-08-11 12:19:36,179
2025-08-11 12:19:53,178
2025-08-11 12:19:58,179
2025-08-11 12:20:03,178
2025-08-11 12:20:09,177
2025-08-11 12:20:14,176
2025-08-11 12:20:19,176
2025-08-11 12:20:24,176
2025-08-11 12:20:30,176
2025-08-11 12:20:35,176
2025-08-11 12:20:40,176
2025-08-11 12:20:46,176
2025-08-11 12:20:51,176
2025-08-11 12:20:56,176
2025-08-11 12:21:01,175
2025-08-11 12:21:07,175
2025-08-11 12:21:12,175
2025-08-11 12:21:17,175
2025-08-11 12:21:22,175
2025-08-11 12:21:28,175
2025-08-11 12:21:33,175
2025-08-11 12:21:38,175
2025-08-11 12:21:44,174
2025-08-11 12:21:49,174
2025-08-11 12:21:54,174
2025-08-11 12:21:59,175
2025-08-11 12:22:05,175
2025-08-11 12:22:10,175
2025-08-11 12:22:15,175
2025-08-11 12:22:21,175
2025-08-11 12:22:26,175
2025-08-11 12:22:31,175
2025-08-11 12:22:36,175
2025-08-11 12:22:42,175
2025-08-11 12:22:47,175
2025-08-11 12:22:52,174
2025-08-11 12:22:57,174
2025-08-11 12:23:03,174
2025-08-11 12:23:08,174
2025-08-11 12:23:13,175
2025-08-11 12:23:19,175
2025-08-11 12:23:24,175
2025-08-11 12:23:29,175
2025-08-11 12:23:34,175
2025-08-11 12:23:40,175
2025-08-11 12:23:45,175
2025-08-11 12:23:50,175
2025-08-11 12:23:56,175
2025-08-11 12:24:01,175
2025-08-11 12:24:06,176
2025-08-11 12:24:11,175
2025-08-11 12:24:17,175
2025-08-11 12:24:22,175
2025-08-11 12:24:29,175
2025-08-11 12:24:35,175
2025-08-11 12:24:40,175
2025-08-11 12:24:46,176
2025-08-11 12:24:51,175
2025-08-11 12:24:57,174
2025-08-11 12:25:02,174
2025-08-11 12:25:08,174
2025-08-11 12:25:13,173
2025-08-11 12:25:18,172
2025-08-11 12:25:24,173
2025-08-11 12:25:29,174
2025-08-11 12:25:34,175
2025-08-11 12:25:39,175
2025-08-11 12:25:45,175
2025-08-11 12:25:50,175
2025-08-11 12:25:56,174
2025-08-11 12:26:01,174
2025-08-11 12:26:06,174
2025-08-11 12:26:12,174
2025-08-11 12:26:17,174
2025-08-11 12:26:23,174
2025-08-11 12:26:28,175
2025-08-11 12:26:33,175
2025-08-11 12:26:38,176
2025-08-11 12:26:45,176
2025-08-11 12:26:49,176
2025-08-11 12:26:54,176
2025-08-11 12:27:00,176
2025-08-11 12:27:05,176
2025-08-11 12:27:10,175
2025-08-11 12:27:15,175
2025-08-11 12:27:21,175
2025-08-11 12:27:26,176
2025-08-11 12:27:31,176
2025-08-11 12:27:37,175
2025-08-11 12:27:42,175
2025-08-11 12:27:47,175
2025-08-11 12:27:52,175
2025-08-11 12:27:58,175
2025-08-11 12:28:03,175
2025-08-11 12:28:08,175
2025-08-11 12:28:14,175
2025-08-11 12:28:19,175
2025-08-11 12:28:24,175
2025-08-11 12:28:30,176
2025-08-11 12:28:35,176
2025-08-11 12:28:40,176
2025-08-11 12:28:45,176
2025-08-11 12:28:51,176
2025-08-11 12:28:56,177
2025-08-11 12:29:01,177
2025-08-11 12:29:07,177
2025-08-11 12:29:12,177
2025-08-11 12:29:17,178
2025-08-11 12:29:23,178
2025-08-11 12:29:28,179
2025-08-11 12:29:33,179
2025-08-11 12:29:38,180
2025-08-11 12:29:44,181
2025-08-11 12:29:49,181
2025-08-11 12:29:54,181
2025-08-11 12:30:00,181
2025-08-11 12:30:05,182
2025-08-11 12:30:10,182
2025-08-11 12:30:15,181
2025-08-11 12:30:21,181
2025-08-11 12:30:26,182
2025-08-11 12:30:31,182
2025-08-11 12:30:37,182
2025-08-11 12:30:42,184
2025-08-11 12:30:47,185
2025-08-11 12:30:52,185
2025-08-11 12:30:58,185
2025-08-11 12:31:03,185
2025-08-11 12:31:08,185
2025-08-11 12:31:14,185
2025-08-11 12:31:19,185
2025-08-11 12:31:24,185
2025-08-11 12:31:30,185
2025-08-11 12:31:35,184
2025-08-11 12:31:40,184
2025-08-11 12:31:46,184
2025-08-11 12:31:51,184
2025-08-11 12:31:56,185
2025-08-11 12:32:01,185
2025-08-11 12:32:07,184
2025-08-11 12:32:12,184
2025-08-11 12:32:17,184
2025-08-11 12:32:22,184
2025-08-11 12:32:28,184
2025-08-11 12:32:33,184
2025-08-11 12:32:38,184
2025-08-11 12:32:44,184
2025-08-11 12:33:00,181
2025-08-11 12:33:05,181
2025-08-11 12:33:11,181
2025-08-11 12:33:17,181
2025-08-11 12:33:21,181
2025-08-11 12:33:27,181
2025-08-11 12:33:32,181
2025-08-11 12:33:37,182
2025-08-11 12:33:42,182
2025-08-11 12:33:48,182
2025-08-11 12:33:53,182
2025-08-11 12:33:58,182
2025-08-11 12:34:04,182
2025-08-11 12:34:09,182
2025-08-11 12:34:14,182
2025-08-11 12:34:19,182
2025-08-11 12:34:25,183
2025-08-11 12:34:30,183
2025-08-11 12:34:35,183
2025-08-11 12:34:40,183
2025-08-11 12:34:46,183
2025-08-11 12:34:51,182
2025-08-11 12:34:56,182
2025-08-11 12:35:02,182
2025-08-11 12:35:07,183
2025-08-11 12:35:12,183
2025-08-11 12:35:17,183
2025-08-11 12:35:23,183
2025-08-11 12:35:28,184
2025-08-11 12:35:33,184
2025-08-11 12:35:39,184
2025-08-11 12:35:44,184
2025-08-11 12:35:49,184
2025-08-11 12:35:55,184
2025-08-11 12:36:00,184
2025-08-11 12:36:05,184
2025-08-11 12:36:10,184
2025-08-11 12:36:16,184
2025-08-11 12:36:21,184
2025-08-11 12:36:26,184
2025-08-11 12:36:32,184
2025-08-11 12:36:37,184
2025-08-11 12:36:42,184
2025-08-11 12:36:47,185
2025-08-11 12:36:53,186
2025-08-11 12:36:58,187
2025-08-11 12:37:03,187
2025-08-11 12:37:08,187
2025-08-11 12:37:14,187
2025-08-11 12:37:19,187
2025-08-11 12:37:24,187
2025-08-11 12:37:30,187
2025-08-11 12:37:35,186
2025-08-11 12:37:40,186
2025-08-11 12:37:45,186
2025-08-11 12:37:51,185
2025-08-11 12:37:56,185
2025-08-11 12:38:01,186
2025-08-11 12:38:07,186
2025-08-11 12:38:12,185
2025-08-11 12:38:17,185
2025-08-11 12:38:22,185
2025-08-11 12:38:28,185
2025-08-11 12:38:33,185
2025-08-11 12:38:38,185
2025-08-11 12:38:44,185
2025-08-11 12:38:49,185
2025-08-11 12:38:54,186
2025-08-11 12:39:00,186
2025-08-11 12:39:05,185
2025-08-11 12:39:10,185
2025-08-11 12:39:15,185
2025-08-11 12:39:21,185
2025-08-11 12:39:26,185
2025-08-11 12:39:31,185
2025-08-11 12:39:37,185
2025-08-11 12:39:42,185
2025-08-11 12:39:47,185
2025-08-11 12:39:52,186
