Czas,Ping
2025-08-11 11:32:59,32
2025-08-11 11:33:04,34
2025-08-11 11:33:10,31
2025-08-11 11:33:15,38
2025-08-11 11:33:20,32
2025-08-11 11:33:26,34
2025-08-11 11:33:31,32
2025-08-11 11:33:36,32
2025-08-11 11:33:47,40
2025-08-11 11:33:52,36
2025-08-11 11:33:58,34
2025-08-11 11:34:03,34
2025-08-11 11:34:08,32
2025-08-11 11:34:14,33
2025-08-11 11:34:19,32
2025-08-11 11:34:25,33
2025-08-11 11:34:30,34
2025-08-11 11:34:36,39
2025-08-11 11:34:41,34
2025-08-11 11:34:46,30
2025-08-11 11:34:52,32
2025-08-11 11:34:57,33
2025-08-11 11:35:02,32
2025-08-11 11:35:08,34
2025-08-11 11:35:13,33
2025-08-11 11:35:18,32
2025-08-11 11:35:24,34
2025-08-11 11:35:29,34
2025-08-11 11:35:35,32
2025-08-11 11:35:40,33
2025-08-11 11:35:46,33
2025-08-11 11:35:51,32
2025-08-11 11:35:56,33
2025-08-11 11:36:01,32
2025-08-11 11:36:07,31
2025-08-11 11:36:12,32
2025-08-11 11:36:17,32
2025-08-11 11:36:23,33
2025-08-11 11:36:28,33
2025-08-11 11:36:33,34
2025-08-11 11:36:39,33
2025-08-11 11:36:44,39
2025-08-11 11:36:50,33
2025-08-11 11:36:55,33
2025-08-11 11:37:01,31
2025-08-11 11:37:06,33
2025-08-11 11:37:11,34
2025-08-11 11:37:17,33
2025-08-11 11:37:22,36
2025-08-11 11:37:27,33
2025-08-11 11:37:33,35
2025-08-11 11:37:38,32
2025-08-11 11:37:43,32
2025-08-11 11:37:49,33
2025-08-11 11:37:54,32
2025-08-11 11:38:00,32
2025-08-11 11:38:05,33
2025-08-11 11:38:11,33
2025-08-11 11:38:16,32
2025-08-11 11:38:21,32
2025-08-11 11:38:27,33
2025-08-11 11:38:32,32
2025-08-11 11:38:38,35
2025-08-11 11:38:43,34
2025-08-11 11:38:48,37
2025-08-11 11:38:54,36
2025-08-11 11:38:59,37
2025-08-11 11:39:05,32
2025-08-11 11:39:10,34
2025-08-11 11:39:16,40
2025-08-11 11:39:21,33
2025-08-11 11:39:26,36
2025-08-11 11:39:32,33
2025-08-11 11:39:37,33
2025-08-11 11:39:42,38
2025-08-11 11:39:48,32
2025-08-11 11:39:53,33
2025-08-11 11:39:58,33
2025-08-11 11:40:04,33
2025-08-11 11:40:09,35
2025-08-11 11:40:15,32
2025-08-11 11:40:20,32
2025-08-11 11:40:26,35
2025-08-11 11:40:31,34
2025-08-11 11:40:36,34
2025-08-11 11:40:42,33
2025-08-11 11:40:47,37
2025-08-11 11:40:53,33
2025-08-11 11:40:58,33
2025-08-11 11:41:04,34
2025-08-11 11:41:09,36
2025-08-11 11:41:14,33
2025-08-11 11:41:20,33
2025-08-11 11:41:26,34
2025-08-11 11:41:31,36
2025-08-11 11:41:36,33
2025-08-11 11:41:41,32
2025-08-11 11:41:47,33
2025-08-11 11:41:52,34
2025-08-11 11:41:57,35
2025-08-11 11:42:03,34
2025-08-11 11:42:08,33
2025-08-11 11:42:14,32
2025-08-11 11:42:19,34
2025-08-11 11:42:24,34
2025-08-11 11:42:30,34
2025-08-11 11:42:35,32
2025-08-11 11:42:41,31
2025-08-11 11:42:46,33
2025-08-11 11:42:51,34
2025-08-11 11:42:57,33
2025-08-11 11:43:02,35
2025-08-11 11:43:07,31
2025-08-11 11:43:13,32
2025-08-11 11:43:18,32
2025-08-11 11:43:23,34
2025-08-11 11:43:28,33
2025-08-11 11:43:34,32
2025-08-11 11:43:40,34
2025-08-11 11:43:45,34
2025-08-11 11:43:50,35
2025-08-11 11:43:56,32
2025-08-11 11:44:01,32
2025-08-11 11:44:07,32
2025-08-11 11:44:12,33
2025-08-11 11:44:17,32
2025-08-11 11:44:23,33
2025-08-11 11:44:28,38
2025-08-11 11:44:33,35
2025-08-11 11:44:38,34
2025-08-11 11:44:44,32
2025-08-11 11:44:49,32
2025-08-11 11:44:54,33
2025-08-11 11:45:00,34
2025-08-11 11:45:05,35
2025-08-11 11:45:10,33
2025-08-11 11:45:16,33
2025-08-11 11:45:21,32
2025-08-11 11:45:26,38
2025-08-11 11:45:31,35
2025-08-11 11:45:37,33
2025-08-11 11:45:42,33
2025-08-11 11:45:47,31
2025-08-11 11:45:53,34
2025-08-11 11:45:58,35
2025-08-11 11:46:03,33
2025-08-11 11:46:08,33
2025-08-11 11:46:14,35
2025-08-11 11:46:19,34
2025-08-11 11:46:24,38
2025-08-11 11:46:35,35
2025-08-11 11:46:40,33
2025-08-11 11:46:46,44
2025-08-11 11:46:51,34
2025-08-11 11:46:56,34
2025-08-11 11:47:01,34
2025-08-11 11:47:07,38
2025-08-11 11:47:12,32
2025-08-11 11:47:17,32
2025-08-11 11:47:23,33
2025-08-11 11:47:28,38
2025-08-11 11:47:33,35
2025-08-11 11:47:38,41
2025-08-11 11:47:44,33
2025-08-11 11:47:49,33
2025-08-11 11:47:54,33
2025-08-11 11:48:00,35
2025-08-11 11:48:05,36
2025-08-11 11:48:10,32
2025-08-11 11:48:15,34
2025-08-11 11:48:21,35
2025-08-11 11:48:26,31
2025-08-11 11:48:31,34
2025-08-11 11:48:36,32
2025-08-11 11:48:42,33
2025-08-11 11:48:47,33
2025-08-11 11:48:53,33
2025-08-11 11:48:58,33
2025-08-11 11:49:03,34
2025-08-11 11:49:14,35
2025-08-11 11:49:20,33
2025-08-11 11:49:25,33
2025-08-11 11:49:40,33
2025-08-11 11:49:42,32
2025-08-11 11:49:47,34
2025-08-11 11:49:53,33
2025-08-11 11:49:58,34
2025-08-11 11:50:03,32
2025-08-11 11:50:09,39
2025-08-11 11:50:14,33
2025-08-11 11:50:20,34
2025-08-11 11:50:25,32
2025-08-11 11:50:30,33
2025-08-11 11:50:36,33
2025-08-11 11:50:41,33
2025-08-11 11:50:47,32
2025-08-11 11:50:52,35
2025-08-11 11:50:57,34
2025-08-11 11:51:03,34
2025-08-11 11:51:08,34
2025-08-11 11:51:13,35
2025-08-11 11:51:19,34
2025-08-11 11:51:24,33
2025-08-11 11:51:29,35
2025-08-11 11:51:34,33
2025-08-11 11:51:40,33
2025-08-11 11:51:45,34
2025-08-11 11:51:51,34
2025-08-11 11:51:57,33
2025-08-11 11:52:02,35
2025-08-11 11:52:07,33
2025-08-11 11:52:13,33
2025-08-11 11:52:18,32
2025-08-11 11:52:23,35
2025-08-11 11:52:28,33
2025-08-11 11:52:34,33
2025-08-11 11:52:39,35
2025-08-11 11:52:44,33
2025-08-11 11:52:50,31
2025-08-11 11:52:55,34
2025-08-11 11:53:01,34
2025-08-11 11:53:06,35
2025-08-11 11:53:12,32
2025-08-11 11:53:17,35
2025-08-11 11:53:22,32
2025-08-11 11:53:28,32
2025-08-11 11:53:33,33
2025-08-11 11:53:38,33
2025-08-11 11:53:43,35
2025-08-11 11:53:49,34
2025-08-11 11:53:54,32
2025-08-11 11:53:59,32
2025-08-11 11:54:05,36
2025-08-11 11:54:10,34
2025-08-11 11:54:16,32
2025-08-11 11:54:21,33
2025-08-11 11:54:27,33
2025-08-11 11:54:32,38
2025-08-11 11:54:37,32
2025-08-11 11:54:43,34
2025-08-11 11:54:48,33
2025-08-11 11:54:53,44
2025-08-11 11:54:59,36
2025-08-11 11:55:04,38
2025-08-11 11:55:09,34
2025-08-11 11:55:14,33
2025-08-11 11:55:20,33
2025-08-11 11:55:25,34
2025-08-11 11:55:31,33
2025-08-11 11:55:36,32
2025-08-11 11:55:42,35
2025-08-11 11:55:47,34
2025-08-11 11:55:52,32
2025-08-11 11:55:58,33
2025-08-11 11:56:03,34
2025-08-11 11:56:08,34
2025-08-11 11:56:14,35
2025-08-11 11:56:19,33
2025-08-11 11:56:24,34
2025-08-11 11:56:35,35
2025-08-11 11:56:40,35
2025-08-11 11:56:46,39
2025-08-11 11:56:51,36
2025-08-11 11:56:57,33
2025-08-11 11:57:02,39
2025-08-11 11:57:07,34
2025-08-11 11:57:13,34
2025-08-11 11:57:18,34
2025-08-11 11:57:23,33
2025-08-11 11:57:29,34
2025-08-11 11:57:34,33
2025-08-11 11:57:39,34
2025-08-11 11:57:45,34
2025-08-11 11:57:50,35
2025-08-11 11:57:55,35
2025-08-11 11:58:01,32
2025-08-11 11:58:06,32
2025-08-11 11:58:12,32
2025-08-11 11:58:17,40
2025-08-11 11:58:23,32
2025-08-11 11:58:28,33
2025-08-11 11:58:33,38
2025-08-11 11:58:38,35
2025-08-11 11:58:44,34
2025-08-11 11:58:49,34
2025-08-11 11:58:54,32
2025-08-11 11:59:00,34
2025-08-11 11:59:05,33
2025-08-11 11:59:10,33
2025-08-11 11:59:16,31
2025-08-11 11:59:22,35
2025-08-11 11:59:27,35
2025-08-11 11:59:32,32
2025-08-11 11:59:38,35
2025-08-11 11:59:43,34
2025-08-11 11:59:48,31
2025-08-11 11:59:54,35
2025-08-11 11:59:59,35
2025-08-11 12:00:04,33
2025-08-11 12:00:09,32
2025-08-11 12:00:15,34
2025-08-11 12:00:20,32
2025-08-11 12:00:26,32
2025-08-11 12:00:31,34
2025-08-11 12:00:37,31
2025-08-11 12:00:42,34
2025-08-11 12:00:47,36
2025-08-11 12:00:53,33
2025-08-11 12:00:58,33
2025-08-11 12:01:03,32
2025-08-11 12:01:09,34
2025-08-11 12:01:14,32
2025-08-11 12:01:19,32
2025-08-11 12:01:24,34
2025-08-11 12:01:30,32
2025-08-11 12:01:35,32
2025-08-11 12:01:40,31
2025-08-11 12:01:46,32
2025-08-11 12:01:52,32
2025-08-11 12:01:57,32
2025-08-11 12:02:02,32
2025-08-11 12:02:08,33
2025-08-11 12:02:13,34
2025-08-11 12:02:18,37
2025-08-11 12:02:24,31
2025-08-11 12:02:29,32
2025-08-11 12:02:34,32
2025-08-11 12:02:39,31
2025-08-11 12:02:45,33
2025-08-11 12:02:50,35
2025-08-11 12:02:56,32
2025-08-11 12:03:01,33
2025-08-11 12:03:07,40
2025-08-11 12:03:12,33
2025-08-11 12:03:17,32
2025-08-11 12:03:23,35
2025-08-11 12:03:28,33
2025-08-11 12:03:33,34
2025-08-11 12:03:39,34
2025-08-11 12:03:44,31
2025-08-11 12:03:49,31
2025-08-11 12:03:54,33
2025-08-11 12:04:00,33
2025-08-11 12:04:05,53
2025-08-11 12:04:11,33
2025-08-11 12:04:16,36
2025-08-11 12:04:22,33
2025-08-11 12:04:27,33
2025-08-11 12:04:32,41
2025-08-11 12:04:38,34
2025-08-11 12:04:43,34
2025-08-11 12:04:48,35
2025-08-11 12:04:54,33
2025-08-11 12:04:59,32
2025-08-11 12:05:04,35
2025-08-11 12:05:09,36
2025-08-11 12:05:15,36
2025-08-11 12:05:20,33
2025-08-11 12:05:26,32
2025-08-11 12:05:31,32
2025-08-11 12:05:37,33
2025-08-11 12:05:42,33
2025-08-11 12:05:47,33
2025-08-11 12:05:53,34
2025-08-11 12:05:58,35
2025-08-11 12:06:03,36
2025-08-11 12:06:09,32
2025-08-11 12:06:14,35
2025-08-11 12:06:19,32
2025-08-11 12:06:25,35
2025-08-11 12:06:30,33
2025-08-11 12:06:35,33
2025-08-11 12:06:41,34
2025-08-11 12:06:46,35
2025-08-11 12:06:52,35
2025-08-11 12:06:57,33
2025-08-11 12:07:02,32
2025-08-11 12:07:08,34
2025-08-11 12:07:13,33
2025-08-11 12:07:18,32
2025-08-11 12:07:24,34
2025-08-11 12:07:29,33
2025-08-11 12:07:34,32
2025-08-11 12:07:40,33
2025-08-11 12:07:45,34
2025-08-11 12:07:50,37
2025-08-11 12:07:56,34
2025-08-11 12:08:01,35
2025-08-11 12:08:07,35
2025-08-11 12:08:12,33
2025-08-11 12:08:18,39
2025-08-11 12:08:23,33
2025-08-11 12:08:28,33
2025-08-11 12:08:33,32
2025-08-11 12:08:39,33
2025-08-11 12:08:44,32
2025-08-11 12:08:49,32
2025-08-11 12:08:55,35
2025-08-11 12:09:00,31
2025-08-11 12:09:05,32
2025-08-11 12:09:11,32
2025-08-11 12:09:17,32
2025-08-11 12:09:22,31
2025-08-11 12:09:27,34
2025-08-11 12:09:33,32
2025-08-11 12:09:38,37
2025-08-11 12:09:43,32
2025-08-11 12:09:49,32
2025-08-11 12:09:54,33
2025-08-11 12:09:59,32
2025-08-11 12:10:04,34
2025-08-11 12:10:10,33
2025-08-11 12:10:15,34
2025-08-11 12:10:21,33
2025-08-11 12:10:26,34
2025-08-11 12:10:32,32
2025-08-11 12:10:37,32
2025-08-11 12:10:42,35
2025-08-11 12:10:48,33
2025-08-11 12:10:53,32
2025-08-11 12:10:58,32
2025-08-11 12:11:04,32
2025-08-11 12:11:09,34
2025-08-11 12:11:14,30
2025-08-11 12:11:19,37
2025-08-11 12:11:25,32
2025-08-11 12:11:30,32
2025-08-11 12:11:36,40
2025-08-11 12:11:41,33
2025-08-11 12:11:47,33
2025-08-11 12:11:52,32
2025-08-11 12:11:57,33
2025-08-11 12:12:03,35
2025-08-11 12:12:08,32
2025-08-11 12:12:13,32
2025-08-11 12:12:19,33
2025-08-11 12:12:24,35
2025-08-11 12:12:29,32
2025-08-11 12:12:35,32
2025-08-11 12:12:40,35
2025-08-11 12:12:45,33
2025-08-11 12:12:51,38
2025-08-11 12:12:56,35
2025-08-11 12:13:02,34
2025-08-11 12:13:07,32
2025-08-11 12:13:12,33
2025-08-11 12:13:18,33
2025-08-11 12:13:23,32
2025-08-11 12:13:28,32
2025-08-11 12:13:34,32
2025-08-11 12:13:39,34
2025-08-11 12:13:44,33
2025-08-11 12:13:49,35
2025-08-11 12:13:55,33
2025-08-11 12:14:00,35
2025-08-11 12:14:06,32
2025-08-11 12:14:11,33
2025-08-11 12:14:17,34
2025-08-11 12:14:22,35
2025-08-11 12:14:27,37
2025-08-11 12:14:43,35
2025-08-11 12:14:44,35
2025-08-11 12:14:49,48
2025-08-11 12:14:54,32
2025-08-11 12:15:00,36
2025-08-11 12:15:05,31
2025-08-11 12:15:11,34
2025-08-11 12:15:16,33
2025-08-11 12:15:22,34
2025-08-11 12:15:27,32
2025-08-11 12:15:32,34
2025-08-11 12:15:38,34
2025-08-11 12:15:43,36
2025-08-11 12:15:48,33
2025-08-11 12:15:54,32
2025-08-11 12:15:59,32
2025-08-11 12:16:04,35
2025-08-11 12:16:10,33
2025-08-11 12:16:15,38
2025-08-11 12:16:21,32
2025-08-11 12:16:26,35
2025-08-11 12:16:31,32
2025-08-11 12:16:37,31
2025-08-11 12:16:42,32
2025-08-11 12:16:47,33
2025-08-11 12:16:52,36
2025-08-11 12:16:58,34
2025-08-11 12:17:03,33
2025-08-11 12:17:08,36
2025-08-11 12:17:14,36
2025-08-11 12:17:19,37
2025-08-11 12:17:24,32
2025-08-11 12:17:30,34
2025-08-11 12:17:35,32
2025-08-11 12:17:40,33
2025-08-11 12:17:45,33
2025-08-11 12:17:51,32
2025-08-11 12:17:56,33
2025-08-11 12:18:01,32
2025-08-11 12:18:06,32
2025-08-11 12:18:12,33
2025-08-11 12:18:17,34
2025-08-11 12:18:22,34
2025-08-11 12:18:28,33
2025-08-11 12:18:33,33
2025-08-11 12:18:38,37
2025-08-11 12:18:43,32
2025-08-11 12:18:49,33
2025-08-11 12:18:54,32
2025-08-11 12:18:59,34
2025-08-11 12:19:05,32
2025-08-11 12:19:10,33
2025-08-11 12:19:15,32
2025-08-11 12:19:20,32
2025-08-11 12:19:26,32
2025-08-11 12:19:31,36
2025-08-11 12:19:36,32
2025-08-11 12:19:51,34
2025-08-11 12:19:53,32
2025-08-11 12:20:03,33
2025-08-11 12:20:09,35
2025-08-11 12:20:14,34
2025-08-11 12:20:19,36
2025-08-11 12:20:24,36
2025-08-11 12:20:30,33
2025-08-11 12:20:35,33
2025-08-11 12:20:40,33
2025-08-11 12:20:46,35
2025-08-11 12:20:51,37
2025-08-11 12:20:56,32
2025-08-11 12:21:01,34
2025-08-11 12:21:07,33
2025-08-11 12:21:12,39
2025-08-11 12:21:17,34
2025-08-11 12:21:23,34
2025-08-11 12:21:28,34
2025-08-11 12:21:33,34
2025-08-11 12:21:38,36
2025-08-11 12:21:44,35
2025-08-11 12:21:49,33
2025-08-11 12:21:54,31
2025-08-11 12:21:59,31
2025-08-11 12:22:05,33
2025-08-11 12:22:10,32
2025-08-11 12:22:15,36
2025-08-11 12:22:21,34
2025-08-11 12:22:26,34
2025-08-11 12:22:31,38
2025-08-11 12:22:36,36
2025-08-11 12:22:42,35
2025-08-11 12:22:47,34
2025-08-11 12:22:52,38
2025-08-11 12:22:58,34
2025-08-11 12:23:03,33
2025-08-11 12:23:08,34
2025-08-11 12:23:13,32
2025-08-11 12:23:19,32
2025-08-11 12:23:24,35
2025-08-11 12:23:29,33
2025-08-11 12:23:34,33
2025-08-11 12:23:40,36
2025-08-11 12:23:45,33
2025-08-11 12:23:50,32
2025-08-11 12:23:56,34
2025-08-11 12:24:01,35
2025-08-11 12:24:06,34
2025-08-11 12:24:11,33
2025-08-11 12:24:17,37
2025-08-11 12:24:22,46
2025-08-11 12:24:30,36
2025-08-11 12:24:35,32
2025-08-11 12:24:41,33
2025-08-11 12:24:46,32
2025-08-11 12:24:52,34
2025-08-11 12:24:57,35
2025-08-11 12:25:02,33
2025-08-11 12:25:08,34
2025-08-11 12:25:13,33
2025-08-11 12:25:18,32
2025-08-11 12:25:24,32
2025-08-11 12:25:29,40
2025-08-11 12:25:34,33
2025-08-11 12:25:40,39
2025-08-11 12:25:45,35
2025-08-11 12:25:50,34
2025-08-11 12:25:56,33
2025-08-11 12:26:01,33
2025-08-11 12:26:07,35
2025-08-11 12:26:12,31
2025-08-11 12:26:17,38
2025-08-11 12:26:23,35
2025-08-11 12:26:28,34
2025-08-11 12:26:33,35
2025-08-11 12:26:38,33
2025-08-11 12:26:45,39
2025-08-11 12:26:49,38
2025-08-11 12:26:54,33
2025-08-11 12:27:00,32
2025-08-11 12:27:05,33
2025-08-11 12:27:10,36
2025-08-11 12:27:15,30
2025-08-11 12:27:21,36
2025-08-11 12:27:26,32
2025-08-11 12:27:31,37
2025-08-11 12:27:37,32
2025-08-11 12:27:42,33
2025-08-11 12:27:47,34
2025-08-11 12:27:52,41
2025-08-11 12:27:58,32
2025-08-11 12:28:03,38
2025-08-11 12:28:08,33
2025-08-11 12:28:14,33
2025-08-11 12:28:19,34
2025-08-11 12:28:24,33
2025-08-11 12:28:30,33
2025-08-11 12:28:35,33
2025-08-11 12:28:40,39
2025-08-11 12:28:46,37
2025-08-11 12:28:51,32
2025-08-11 12:28:56,36
2025-08-11 12:29:01,38
2025-08-11 12:29:07,33
2025-08-11 12:29:12,36
2025-08-11 12:29:17,35
2025-08-11 12:29:23,35
2025-08-11 12:29:28,33
2025-08-11 12:29:33,33
2025-08-11 12:29:38,34
2025-08-11 12:29:44,33
2025-08-11 12:29:49,34
2025-08-11 12:29:54,32
2025-08-11 12:30:00,37
2025-08-11 12:30:05,32
2025-08-11 12:30:10,34
2025-08-11 12:30:15,33
2025-08-11 12:30:21,37
2025-08-11 12:30:26,32
2025-08-11 12:30:31,32
2025-08-11 12:30:37,32
2025-08-11 12:30:42,33
2025-08-11 12:30:47,33
2025-08-11 12:30:52,32
2025-08-11 12:30:58,31
2025-08-11 12:31:03,32
2025-08-11 12:31:08,42
2025-08-11 12:31:14,39
2025-08-11 12:31:19,34
2025-08-11 12:31:24,34
2025-08-11 12:31:30,33
2025-08-11 12:31:35,35
2025-08-11 12:31:40,34
2025-08-11 12:31:46,34
2025-08-11 12:31:51,36
2025-08-11 12:31:56,33
2025-08-11 12:32:01,32
2025-08-11 12:32:07,37
2025-08-11 12:32:12,39
2025-08-11 12:32:17,32
2025-08-11 12:32:23,32
2025-08-11 12:32:28,35
2025-08-11 12:32:33,32
2025-08-11 12:32:38,33
2025-08-11 12:32:44,33
2025-08-11 12:32:59,37
2025-08-11 12:33:00,37
2025-08-11 12:33:05,34
2025-08-11 12:33:11,33
2025-08-11 12:33:17,33
2025-08-11 12:33:21,34
2025-08-11 12:33:27,33
2025-08-11 12:33:32,33
2025-08-11 12:33:37,37
2025-08-11 12:33:42,33
2025-08-11 12:33:48,33
2025-08-11 12:33:53,37
2025-08-11 12:33:58,31
2025-08-11 12:34:04,32
2025-08-11 12:34:09,33
2025-08-11 12:34:14,31
2025-08-11 12:34:19,33
2025-08-11 12:34:25,33
2025-08-11 12:34:30,31
2025-08-11 12:34:35,35
2025-08-11 12:34:41,31
2025-08-11 12:34:46,33
2025-08-11 12:34:51,32
2025-08-11 12:34:56,34
2025-08-11 12:35:02,35
2025-08-11 12:35:07,34
2025-08-11 12:35:12,32
2025-08-11 12:35:18,32
2025-08-11 12:35:23,33
2025-08-11 12:35:28,34
2025-08-11 12:35:33,34
2025-08-11 12:35:39,35
2025-08-11 12:35:44,32
2025-08-11 12:35:49,31
2025-08-11 12:35:55,32
2025-08-11 12:36:00,31
2025-08-11 12:36:05,33
2025-08-11 12:36:10,32
2025-08-11 12:36:16,35
2025-08-11 12:36:21,34
2025-08-11 12:36:26,34
2025-08-11 12:36:32,34
2025-08-11 12:36:37,35
2025-08-11 12:36:42,32
2025-08-11 12:36:47,34
2025-08-11 12:36:53,33
2025-08-11 12:36:58,31
2025-08-11 12:37:03,33
2025-08-11 12:37:09,31
2025-08-11 12:37:14,33
2025-08-11 12:37:19,32
2025-08-11 12:37:24,38
2025-08-11 12:37:30,32
2025-08-11 12:37:35,32
2025-08-11 12:37:40,34
2025-08-11 12:37:45,35
2025-08-11 12:37:51,32
2025-08-11 12:37:56,32
2025-08-11 12:38:01,32
2025-08-11 12:38:07,35
2025-08-11 12:38:12,31
2025-08-11 12:38:17,32
2025-08-11 12:38:22,38
2025-08-11 12:38:28,32
2025-08-11 12:38:33,32
2025-08-11 12:38:38,39
2025-08-11 12:38:44,34
2025-08-11 12:38:49,47
2025-08-11 12:38:54,43
2025-08-11 12:39:00,34
2025-08-11 12:39:05,37
2025-08-11 12:39:10,32
2025-08-11 12:39:15,37
2025-08-11 12:39:21,33
2025-08-11 12:39:26,33
2025-08-11 12:39:31,32
2025-08-11 12:39:37,32
2025-08-11 12:39:42,32
2025-08-11 12:39:47,32
2025-08-11 12:39:52,34
